{
    "root_group": {
        "id": "d41d8cd98f00b204e9800998ecf8427e",
        "groups": {},
        "checks": {
                "status is 200": {
                    "id": "6210a8cd14cd70477eba5c5e4cb3fb5f",
                    "passes": 12277,
                    "fails": 0,
                    "name": "status is 200",
                    "path": "::status is 200"
                },
                "valid json": {
                    "name": "valid json",
                    "path": "::valid json",
                    "id": "9502b83af7c761b4faa9cede78e0f020",
                    "passes": 6186,
                    "fails": 0
                }
            },
        "name": "",
        "path": ""
    },
    "metrics": {
        "http_req_failed": {
            "passes": 0,
            "fails": 18463,
            "value": 0
        },
        "data_sent": {
            "count": 404058891,
            "rate": 89964.58935073769
        },
        "http_reqs": {
            "count": 18463,
            "rate": 4.110827035811149
        },
        "http_req_duration{expected_response:true}": {
            "min": 0.503425,
            "med": 16.748216,
            "max": 2078.471366,
            "p(90)": 104.4728936,
            "p(95)": 181.47159579999993,
            "avg": 55.39965237187858
        },
        "http_req_duration": {
            "avg": 55.39965237187858,
            "min": 0.503425,
            "med": 16.748216,
            "max": 2078.471366,
            "p(90)": 104.4728936,
            "p(95)": 181.47159579999993
        },
        "checks": {
            "passes": 18463,
            "fails": 0,
            "value": 1
        },
        "http_req_waiting": {
            "min": 0,
            "med": 16.549645,
            "max": 2078.300637,
            "p(90)": 104.21001499999998,
            "p(95)": 181.28316089999998,
            "avg": 55.19895504901687
        },
        "iteration_duration": {
            "max": 62181.851479,
            "p(90)": 60287.239173,
            "p(95)": 60377.9602365,
            "avg": 60169.39506928321,
            "min": 60014.043494,
            "med": 60114.524544
        },
        "http_req_connecting": {
            "avg": 0.1053046969614906,
            "min": 0,
            "med": 0,
            "max": 41.709251,
            "p(90)": 0.21296819999999997,
            "p(95)": 0.3047302999999992
        },
        "http_req_blocked": {
            "p(90)": 0.2982569999999999,
            "p(95)": 0.4120467999999998,
            "avg": 0.1406502402101504,
            "min": 0.000681,
            "med": 0.005872,
            "max": 41.75862
        },
        "vus_max": {
            "value": 200,
            "min": 200,
            "max": 200
        },
        "iterations": {
            "count": 6091,
            "rate": 1.3561743744313333
        },
        "http_req_tls_handshaking": {
            "med": 0,
            "max": 0,
            "p(90)": 0,
            "p(95)": 0,
            "avg": 0,
            "min": 0
        },
        "data_received": {
            "count": 3320585,
            "rate": 739.3354597145081
        },
        "http_req_sending": {
            "avg": 0.09007918398960077,
            "min": 0.005946,
            "med": 0.053439,
            "max": 18.582745,
            "p(90)": 0.10093379999999999,
            "p(95)": 0.1344558
        },
        "http_req_receiving": {
            "avg": 0.11061813887233962,
            "min": 0.007464,
            "med": 0.079747,
            "max": 16.265466,
            "p(90)": 0.12515179999999998,
            "p(95)": 0.15520539999999997
        },
        "vus": {
            "value": 95,
            "min": 10,
            "max": 200
        }
    }
}